{
  "images": ["gui/icons"],
  "space": 9,
  "transforms": [
    {"mode": "cut", "image": 0, "store": 1, "area": [53, 0, 60, 8]},
    {"mode": "resize", "image": 1, "store": 1, "size": [16, 18]},
    {"mode": "cut", "image": 0, "store": 2, "area": [62, 0, 69, 8]},
    {"mode": "resize", "image": 2, "store": 2, "size": [16, 18]},
    {"mode": "cut", "image": 0, "store": 3, "area": [16, 0, 25, 9]},
    {"mode": "resize", "image": 3, "store": 3, "size": [18, 18]},

    {"mode": "cut", "image": 0, "store": 4, "area": [61, 27, 70, 36]},
    {"mode": "resize", "image": 4, "store": 4, "size": [18, 18]},
    {"mode": "cut", "image": 0, "store": 5, "area": [70, 27, 79, 36]},
    {"mode": "resize", "image": 5, "store": 5, "size": [18, 18]},
    {"mode": "cut", "image": 0, "store": 6, "area": [16, 27, 25, 36]},
    {"mode": "resize", "image": 6, "store": 6, "size": [18, 18]},

    {"mode": "cut", "image": 0, "store": 7, "area": [34, 9, 43, 18]},
    {"mode": "resize", "image": 7, "store": 7, "size": [18, 18]},
    {"mode": "cut", "image": 0, "store": 8, "area": [25, 9, 34, 18]},
    {"mode": "resize", "image": 8, "store": 8, "size": [18, 18]},
    {"mode": "cut", "image": 0, "store": 9, "area": [16, 9, 25, 18]},
    {"mode": "resize", "image": 9, "store": 9, "size": [18, 18]}
  ],
  "store": [
    {"id": 1, "location": "gui/icons/hart.png"}, {"id": 2, "location": "gui/icons/hart_half.png"},
    {"id": 3, "location": "gui/icons/hart_base.png"},

    {"id": 4, "location": "gui/icons/hunger.png"}, {"id": 5, "location": "gui/icons/hunger_half.png"},
    {"id": 6, "location": "gui/icons/hunger_base.png"},

    {"id": 7, "location": "gui/icons/armor.png"}, {"id": 8, "location": "gui/icons/armor_half.png"},
    {"id": 9, "location": "gui/icons/armor_base.png"}
  ]
}