{
  "images": [
    "block/acacia_leaves", "block/birch_leaves", "block/dark_oak_leaves", "block/jungle_leaves", "block/oak_leaves",
    "block/spruce_leaves"
  ],
  "transforms": [
    {"image": [0, 1, 2, 3, 4, 5], "mode": "resize", "store": [0, 1, 2, 3, 4, 5], "size": [64, 64]},
    {"image": 0, "mode": "colorize", "store": 0, "color": [201, 248, 153]},
    {"image": 1, "mode": "colorize", "store": 1, "color": [201, 248, 153]},
    {"image": 2, "mode": "colorize", "store": 2, "color": [201, 248, 153]},
    {"image": 3, "mode": "colorize", "store": 3, "color": [201, 248, 153]},
    {"image": 4, "mode": "colorize", "store": 4, "color": [201, 248, 153]},
    {"image": 5, "mode": "colorize", "store": 5, "color": [201, 248, 153]}
  ],
  "store": [
    {"id": 0, "location": "blocks/acacia_leaves.png"}, {"id": 1, "location": "blocks/birch_leaves.png"},
    {"id": 2, "location": "blocks/dark_oak_leaves.png"}, {"id": 3, "location": "blocks/jungle_leaves.png"},
    {"id": 4, "location": "blocks/oak_leaves.png"}, {"id": 5, "location": "blocks/spruce_leaves.png"}
  ]
}